,area_ha,baseline_tCO2,additionality_score,mrv_quality,leakage_rate,permanence_risk,verification_frequency_months,buffer_contribution_rate
area_ha,1.0,0.6952611227165651,0.02281703437223389,-0.15138272812124984,0.015368351031328215,0.3085330979450065,0.16522053305911313,0.31219154020555273
baseline_tCO2,0.6952611227165651,1.0,-0.09962584970522599,-0.10517978576825637,0.07935098256987923,0.2570818766007297,0.13222035018730816,0.2674230895087035
additionality_score,0.02281703437223389,-0.09962584970522599,1.0,0.08605901245304298,-0.026738144797181482,-0.08982637419685177,0.050784396355538636,-0.09276914474869466
mrv_quality,-0.15138272812124984,-0.10517978576825637,0.08605901245304298,1.0,0.09236837779660019,0.07987917674493289,0.008883675345908294,0.08653052952092243
leakage_rate,0.015368351031328215,0.07935098256987923,-0.026738144797181482,0.09236837779660019,1.0,0.04373457450680617,0.047409766016284126,0.196673084355918
permanence_risk,0.3085330979450065,0.2570818766007297,-0.08982637419685177,0.07987917674493289,0.04373457450680617,1.0,-0.09674706975720769,0.9842516465375905
verification_frequency_months,0.16522053305911313,0.13222035018730816,0.050784396355538636,0.008883675345908294,0.047409766016284126,-0.09674706975720769,1.0,-0.09032609172378503
buffer_contribution_rate,0.31219154020555273,0.2674230895087035,-0.09276914474869466,0.08653052952092243,0.196673084355918,0.9842516465375905,-0.09032609172378503,1.0
