,area_ha,baseline_tCO2,additionality_score,mrv_quality,leakage_rate,permanence_risk,verification_frequency_months,buffer_contribution_rate
area_ha,1.0,0.43822205400537617,0.01960476770518873,-0.1909857096910136,0.031046757284370268,0.30397167402522723,0.1633157833319996,0.3023326382578351
baseline_tCO2,0.43822205400537617,1.0,-0.14891503251867824,-0.136609861011993,0.06620588397457597,0.2034978762280972,0.04756341770380278,0.20887092433842577
additionality_score,0.01960476770518873,-0.14891503251867824,1.0,0.17202041141461927,-0.007762683618972495,-0.08393536525252568,0.04825986678977418,-0.08333610332800842
mrv_quality,-0.1909857096910136,-0.136609861011993,0.17202041141461927,1.0,0.07939059363988868,0.10238794940723177,0.008829250932435497,0.11163488961685505
leakage_rate,0.031046757284370268,0.06620588397457597,-0.007762683618972495,0.07939059363988868,1.0,0.06985548600632185,0.02432623298893506,0.21142241551799937
permanence_risk,0.30397167402522723,0.2034978762280972,-0.08393536525252568,0.10238794940723177,0.06985548600632185,1.0,-0.10021627355470918,0.9897759962019981
verification_frequency_months,0.1633157833319996,0.04756341770380278,0.04825986678977418,0.008829250932435497,0.02432623298893506,-0.10021627355470918,1.0,-0.09473330506839335
buffer_contribution_rate,0.3023326382578351,0.20887092433842577,-0.08333610332800842,0.11163488961685505,0.21142241551799937,0.9897759962019981,-0.09473330506839335,1.0
