metric,train,test
R²,0.9699631702413238,0.9553813442675035
RMSE,0.010492279226168327,0.012517579247730982
MAE,0.008287226756266754,0.010555307010333513
CV_R²_mean,,0.9606375691521054
CV_R²_std,,0.014095794318614439
