feature,coefficient,abs_coefficient
mrv_quality,-0.04569599218350433,0.04569599218350433
additionality_score,-0.025637230168093106,0.025637230168093106
leakage_rate,-0.00142792642141533,0.00142792642141533
permanence_risk,-0.0011495520676438331,0.0011495520676438331
