feature,coefficient,abs_coefficient
buffer_contribution_rate,1.14661620082886,1.14661620082886
permanence_risk,-1.1153706427821586,1.1153706427821586
leakage_rate,-0.16940309762660638,0.16940309762660638
mrv_quality,-0.045588194676478226,0.045588194676478226
additionality_score,-0.02609368642310146,0.02609368642310146
verification_frequency_months,0.01867057467082573,0.01867057467082573
area_ha,-0.001726945103251212,0.001726945103251212
baseline_tCO2,0.0007281402160104304,0.0007281402160104304
