feature,coefficient,abs_coefficient
mrv_quality,-0.045216493708339967,0.045216493708339967
additionality_score,-0.025904703368808117,0.025904703368808117
verification_frequency_months,0.018427775025525808,0.018427775025525808
area_ha,-0.0015510718849410905,0.0015510718849410905
baseline_tCO2,0.0009334738529361277,0.0009334738529361277
leakage_rate,-0.000855529468161204,0.000855529468161204
buffer_contribution_rate,-0.00031263767545498296,0.00031263767545498296
permanence_risk,-0.0002317136352796997,0.0002317136352796997
