metric,train,test
R²,1.0,1.0
RMSE,2.952334236804927e-16,2.783871781568655e-16
MAE,2.300243329145246e-16,2.0539125955565397e-16
CV_R²_mean,,1.0
CV_R²_std,,0.0
