metric,train,test
R²,0.8781802176665261,0.816024838285202
RMSE,0.021130107317704483,0.02541801931358745
MAE,0.01771738697814443,0.02198731402803974
CV_R²_mean,,0.8440723095545353
CV_R²_std,,0.0899178774338253
