target,model,n_features,test_R²,test_RMSE,test_MAE,CV_R²
integrity_risk_score,integrity_risk_quality,4,1.0,7.915612475190917e-17,5.736152293896643e-17,1.0
over_rate,over_rate_all,8,0.9574539715904153,0.012223388676056155,0.010306225052639761,0.959410560221067
retire_rate,retire_rate_quality,4,-0.13088337326154886,0.01762881600156372,0.01378519350357324,-0.12021479386773733
