metric,train,test
R²,0.004561089339512159,-0.13088337326154886
RMSE,0.017515995319241324,0.01762881600156372
MAE,0.013462382311413779,0.01378519350357324
CV_R²_mean,,-0.12021479386773733
CV_R²_std,,0.0788983139935043
