metric,train,test
R²,0.9701229546941794,0.9574539715904153
RMSE,0.01046433455544531,0.012223388676056155
MAE,0.00831269561920569,0.010306225052639761
CV_R²_mean,,0.959410560221067
CV_R²_std,,0.014665549400133
