metric,train,test
R²,0.07037181985391572,-0.5247104065681605
RMSE,0.016927084184789574,0.020469532201973353
MAE,0.013110289144845489,0.01654436242574572
CV_R²_mean,,-0.2268336238655956
CV_R²_std,,0.35004299780236486
