feature,coefficient,abs_coefficient
mrv_quality,-0.10198081423721025,0.10198081423721025
additionality_score,-0.05643212903222217,0.05643212903222217
permanence_risk,0.04199847477091735,0.04199847477091735
leakage_rate,0.007937979716037498,0.007937979716037498
buffer_contribution_rate,-7.858297346174936e-16,7.858297346174936e-16
verification_frequency_months,1.3108004265349749e-16,1.3108004265349749e-16
area_ha,5.551115123125783e-17,5.551115123125783e-17
baseline_tCO2,3.469446951953614e-17,3.469446951953614e-17
