feature,coefficient,abs_coefficient
mrv_quality,-0.10198081423721023,0.10198081423721023
additionality_score,-0.05643212903222222,0.05643212903222222
permanence_risk,0.041998474770916755,0.041998474770916755
leakage_rate,0.007937979716037508,0.007937979716037508
