feature,coefficient,abs_coefficient
additionality_score,-0.000932052479643559,0.000932052479643559
leakage_rate,0.0005874870254297438,0.0005874870254297438
mrv_quality,-0.0002652385331862259,0.0002652385331862259
permanence_risk,-0.0001924540444669553,0.0001924540444669553
