metric,train,test
R²,1.0,1.0
RMSE,8.912270237698711e-17,7.915612475190917e-17
MAE,6.74229190996319e-17,5.736152293896643e-17
CV_R²_mean,,1.0
CV_R²_std,,0.0
