,mrv_quality,additionality_score,leakage_rate,permanence_risk,baseline_tCO2,true_reduction_tCO2
mrv_quality,1.0,0.17202041141461907,0.07939059363988908,0.10238794940723175,-0.1366098610119933,-0.07086882764475128
additionality_score,0.17202041141461907,1.0,-0.007762683618972105,-0.08393536525252562,-0.14891503251867833,0.11139583895383642
leakage_rate,0.07939059363988908,-0.007762683618972105,1.0,0.06985548600632172,0.06620588397457591,-0.05485551431991792
permanence_risk,0.10238794940723175,-0.08393536525252562,0.06985548600632172,1.0,0.20349787622809737,0.13962582056293701
baseline_tCO2,-0.1366098610119933,-0.14891503251867833,0.06620588397457591,0.20349787622809737,1.0,0.9281887190418924
true_reduction_tCO2,-0.07086882764475128,0.11139583895383642,-0.05485551431991792,0.13962582056293701,0.9281887190418924,1.0
