,count,mean,std,min,25%,50%,75%,max,variance,skewness,kurtosis,missing,missing_pct
price_usd,60.0,7.431166666666666,1.0374824346753475,5.01,6.595,7.43,8.135000000000002,9.43,1.0763698022598869,-0.036305616557217084,-0.8142620143761765,0,0.0
